image,fen
001.png,1rbakabnr/9/1cn3c2/pR2p1p1p/02p6/9/P1P1P1P1P/2N1C2C1/9/2BAKABNR w - - 0 1
002.png,2r1ka3/4a3r/2c1c3b/p1R5p/3n2b2/3p2P2/P3P3P/B3C1N2/3NA4/1R2KAB2 w - - 0 1
003.png,2r1ka3/4a3r/2c1c3b/p1R5p/3n2b2/3p2P2/P3P3P/B3C1N2/3NA4/1R2KAB2 w - - 0 1
004.png,3ak1r2/r3a4/4c1c2/p5R1p/5n3/2P2p3/P7P/2NAC3B/4AN3/2B1K2R1 w - - 0 1
005.png,2r1ka3/4a4/2c1n4/p3R3p/5rb2/3p3N1/P1N1P3P/B3B4/4A4/1R2KA3 w - - 0 1
006.png,2r1ka3/4a4/2c1n4/p3R3p/5rb2/3p3N1/P1N1P3P/B3B4/4A4/1R2KA3 w - - 0 1
007.png,2r1ka3/4a4/2c1n4/p3R3p/5rb2/3p3N1/P1N1P3P/B3B4/4A4/1R2KA3 w - - 0 1
008.png,2bak2r1/4a4/c3b1n2/4p1p1p/7c1/rp2P1P2/nR6P/N3C1N2/2C6/2BAKABR1 w - - 0 1
009.png,1r2kar2/4a4/2n1b3c/p1p1p4/1c7/2P1P2p1/P6Rn/2N1C3N/6C2/1RBAKAB2 w - - 0 1
010.png,1r2kar2/4a4/2n1b3c/p1p1p4/1c7/2P1P2p1/P6Rn/2N1C3N/6C2/1RBAKAB2 w - - 0 1
011.png,3nkab2/4a4/3rb1nr1/p3p3p/7c1/3N2R2/P3P1p1P/2N1C4/5R3/2BAKAB2 w - - 0 1
012.png,3nkab2/4a4/3rb1nr1/p3p3p/7c1/3N2R2/P3P1p1P/2N1C4/5R3/2BAKAB2 w - - 0 1
013.png,3nkab2/4a4/3rb1nr1/p3p3p/7c1/3N2R2/P3P1p1P/2N1C4/5R3/2BAKAB2 w - - 0 1
014.png,3nkab2/4a4/3rb1nr1/p3p3p/7c1/3N2R2/P3P1p1P/2N1C4/5R3/2BAKAB2 w - - 0 1
015.png,3nkab2/4a4/3rb1nr1/p3p3p/7c1/3N2R2/P3P1p1P/2N1C4/5R3/2BAKAB2 w - - 0 1
016.png,3nkab2/4a4/3rb1nr1/p3p3p/7c1/3N2R2/P3P1p1P/2N1C4/5R3/2BAKAB2 w - - 0 1
017.png,3nkab2/4a4/3rb1nr1/p3p3p/2c6/3N5/P3P1R1P/B1N1C4/5R3/3AKAB2 w - - 0 1
018.png,3nkab2/4a4/3rb1nr1/p3p3p/2c6/3N5/P3P1R1P/B1N1C4/5R3/3AKAB2 w - - 0 1
019.png,3nkab2/4a4/3rb1nr1/p3p3p/2c6/3N5/P3P1R1P/B1N1C4/5R3/3AKAB2 w - - 0 1
020.png,3nkab2/4a4/3rb1nr1/p3p3p/2c6/3N5/P3P1R1P/B1N1C4/5R3/3AKAB2 w - - 0 1
021.png,3nkab2/4a4/3rb1nr1/p3p3p/2c6/3N5/P3P1R1P/B1N1C4/5R3/3AKAB2 w - - 0 1
022.png,3nkab2/4a4/3rb1nr1/p3p3p/2c6/3N5/P3P1R1P/B1N1C4/5R3/3AKAB2 w - - 0 1
023.png,3nkab2/4a4/3rb1nr1/p3p3p/2c6/3N5/P3P1R1P/B1N1C4/5R3/3AKAB2 w - - 0 1
024.png,3nkab2/4a4/3rb1nr1/p3p3p/2c6/3N5/P3P1R1P/B1N1C4/5R3/3AKAB2 w - - 0 1
025.png,3nkab2/4a4/3rb1nr1/p3p3p/2c6/3N5/P3P1R1P/B1N1C4/5R3/3AKAB2 w - - 0 1
026.png,4kab2/4a4/2nrb1nr1/p3p3p/2c6/3N5/P3P1R1P/B1N1C4/5R3/3AKAB2 w - - 0 1
027.png,4kab2/4a4/2nrb1nr1/p3p3p/2c6/3N5/P3P1R1P/B1N1C4/5R3/3AKAB2 w - - 0 1
028.png,4kab2/4a4/2nrb1nr1/p3p3p/2c6/3N5/P3P1R1P/B1N1C4/5R3/3AKAB2 w - - 0 1
029.png,4kab2/4a4/2nrb1nr1/p3p3p/2c6/3N5/P3P1R1P/B1N1C4/5R3/3AKAB2 w - - 0 1
030.png,4kab2/4a4/2nrb1nr1/p3p3p/2c6/3N5/P3P1R1P/B1N1C4/5R3/3AKAB2 w - - 0 1
031.png,4kab2/4a4/2nrb1nr1/p3p3p/2c6/3N5/P3P1R1P/B1N1C4/5R3/3AKAB2 w - - 0 1
032.png,4kab2/4a4/2nrb1nr1/p3p1R1p/2c6/3N5/P3P3P/B1N1C4/5R3/3AKAB2 w - - 0 1
033.png,4kab2/4a4/2nrb1nr1/p3p1R1p/2c6/3N5/P3P3P/B1N1C4/5R3/3AKAB2 w - - 0 1
034.png,4kab2/4a4/2nrb1nr1/p3p1R1p/2c6/3N5/P3P3P/B1N1C4/5R3/3AKAB2 w - - 0 1
035.png,4kab2/4a4/2nrb1nr1/p3p1R1p/9/3N5/P1c1P3P/B1N1C4/5R3/3AKAB2 w - - 0 1
036.png,4kab2/4a4/2nrb1nr1/p3p1R1p/9/3N1R3/P1c1P3P/B1N1C4/9/3AKAB2 b - - 0 1
037.png,4kab2/4a4/2nrb1nr1/p3p1R1p/9/3N1R3/P1c1P3P/B1N1C4/9/3AKAB2 b - - 0 1
038.png,4kab2/4a4/2n1b1nr1/p3p1R1p/3r5/3N1R3/P1c1P3P/B1N1C4/9/3AKAB2 w - - 0 1
039.png,4kab2/4a4/2n1b1nr1/p3p1R1p/3r5/3N1R3/P1c1P3P/B1N1C4/9/3AKAB2 w - - 0 1
040.png,4kab2/4a4/2n1b1nr1/p3p1R1p/3r5/3N1R3/P1c1P3P/B1N1C4/9/3AKAB2 w - - 0 1
041.png,4kab2/4a4/2n1b1nr1/p3p1R1p/6r2/3N1R3/P1c1P3P/B1NC5/9/3AKAB2 w - - 0 1
042.png,4kab2/4a4/2n1b1nr1/p3p1R1p/6r2/3N1R3/P1c1P3P/B1NC5/9/3AKAB2 w - - 0 1
043.png,4kab2/4a4/2n1b1nr1/p3p1R1p/6r2/3N1R3/P1c1P3P/B1NC5/9/3AKAB2 w - - 0 1
044.png,4kab2/4a4/2n3nr1/p3p3p/6b2/3N2R2/P1c1P3P/B1NC5/9/3AKAB2 b - - 0 1
045.png,4kab2/4a4/2n3nr1/p3p3p/6b2/3N2R2/P1c1P3P/B1NC5/9/3AKAB2 b - - 0 1
046.png,4kab2/4a4/2n3nr1/p3p3p/6b2/3N2R2/P1c1P3P/B1NC5/9/3AKAB2 b - - 0 1
047.png,4ka3/4a4/4b1n2/p3p3p/3n2b2/3N2R1P/P1c1P4/B1N4r1/4AC3/4KAB2 b - - 0 1
048.png,4ka3/4a4/4b1n2/p3p3p/3n2b2/3N2R1P/P1c1P4/B1N4r1/4AC3/4KAB2 b - - 0 1
049.png,4ka3/4a4/4b1n2/p3p3p/3n2b2/3N2R1P/P1c1P4/B1N4r1/4AC3/4KAB2 b - - 0 1
050.png,r3kab2/4a4/n3b1nr1/p1p1p3p/5c1c1/P3P1R2/4C3P/N2CB1N2/9/1R1AKAB2 w - - 0 1
051.png,r3kab2/4a4/n3b1nr1/p1p1p3p/5c1c1/P3P1R2/4C3P/N2CB1N2/9/1R1AKAB2 w - - 0 1
052.png,r3kab2/4a4/n3b1nr1/p1p1p3p/5c1c1/P3P1R2/4C3P/N2CB1N2/9/1R1AKAB2 w - - 0 1
053.png,
054.png,
055.png,
056.png,
057.png,
058.png,
059.png,
060.png,
061.png,
062.png,
063.png,
064.png,
065.png,
066.png,
067.png,
068.png,
069.png,
070.png,
071.png,
072.png,
073.png,
074.png,
075.png,
076.png,
077.png,
078.png,
079.png,
080.png,
081.png,
082.png,
083.png,
084.png,
085.png,
086.png,
087.png,
088.png,
089.png,
090.png,
091.png,
092.png,
093.png,
094.png,
095.png,
096.png,
097.png,
098.png,
099.png,
100.png,
101.png,
102.png,
103.png,
104.png,
105.png,
106.png,
107.png,
108.png,
109.png,
110.png,
111.png,
112.png,
113.png,
114.png,
115.png,
116.png,
117.png,
118.png,
119.png,
120.png,
121.png,
122.png,
123.png,
124.png,
125.png,
126.png,
127.png,
128.png,
129.png,
130.png,
131.png,
132.png,
133.png,
134.png,
135.png,
136.png,
137.png,
138.png,
139.png,
140.png,
141.png,
142.png,
143.png,
144.png,
145.png,
146.png,
147.png,
148.png,
149.png,
150.png,
151.png,
152.png,
153.png,
154.png,
155.png,
156.png,
157.png,
158.png,
159.png,
160.png,
161.png,
162.png,
163.png,
164.png,
165.png,
166.png,
167.png,
168.png,
169.png,
170.png,
171.png,
172.png,
173.png,
174.png,
175.png,
176.png,
177.png,
178.png,
179.png,
180.png,
181.png,
182.png,
183.png,
184.png,
185.png,
186.png,
187.png,
188.png,
189.png,
190.png,
191.png,
192.png,
193.png,
194.png,
195.png,
196.png,
197.png,
198.png,
199.png,
200.png,
201.png,
202.png,
203.png,
204.png,
205.png,
206.png,
207.png,
208.png,
209.png,
210.png,
211.png,
212.png,
213.png,
214.png,
215.png,
216.png,
217.png,
218.png,
219.png,
220.png,
221.png,
222.png,
223.png,
224.png,
225.png,
226.png,
227.png,
228.png,
229.png,
230.png,
231.png,
232.png,
233.png,
234.png,
235.png,
236.png,
237.png,
238.png,
239.png,
240.png,
241.png,
242.png,
243.png,
244.png,
245.png,
246.png,
247.png,
248.png,
249.png,
250.png,
251.png,
252.png,
253.png,
254.png,
255.png,
256.png,
257.png,
258.png,
259.png,
260.png,
261.png,
262.png,
263.png,
264.png,
265.png,
266.png,
267.png,
268.png,
269.png,
270.png,
271.png,
272.png,
273.png,
274.png,
275.png,
276.png,
277.png,
278.png,
279.png,
280.png,
281.png,
282.png,
283.png,
284.png,
285.png,
286.png,
287.png,
288.png,
289.png,
290.png,
291.png,
292.png,
293.png,
294.png,
295.png,
296.png,
297.png,
298.png,
299.png,
300.png,
301.png,
302.png,
303.png,
304.png,
305.png,
306.png,
307.png,
308.png,
309.png,
310.png,
311.png,
312.png,
313.png,
314.png,
315.png,
316.png,
317.png,
318.png,
319.png,
320.png,
321.png,
322.png,
323.png,
324.png,
325.png,
326.png,
327.png,
328.png,
329.png,
330.png,
331.png,
332.png,
333.png,
334.png,
335.png,
336.png,
337.png,
338.png,
339.png,
340.png,
341.png,
342.png,
343.png,
344.png,
345.png,
346.png,
347.png,
348.png,
349.png,
350.png,
351.png,
352.png,
353.png,
354.png,
355.png,
356.png,
357.png,
358.png,
359.png,
360.png,
361.png,
362.png,
363.png,
364.png,
365.png,
366.png,
367.png,
368.png,
369.png,
370.png,
371.png,
372.png,
373.png,
374.png,
375.png,
376.png,
377.png,
378.png,
379.png,
380.png,
381.png,
382.png,
383.png,
384.png,
385.png,
386.png,
387.png,
388.png,
389.png,
390.png,
391.png,
392.png,
393.png,
394.png,
395.png,
396.png,
397.png,
398.png,
399.png,
400.png,
401.png,
402.png,
403.png,
404.png,
405.png,
406.png,
407.png,
408.png,
409.png,
410.png,
411.png,
412.png,
413.png,
414.png,
415.png,
416.png,
417.png,
418.png,
419.png,
420.png,
421.png,
422.png,
423.png,
424.png,
425.png,
426.png,
427.png,
428.png,
429.png,
430.png,
431.png,
432.png,
433.png,
434.png,
435.png,
436.png,
437.png,
438.png,
439.png,
440.png,
441.png,
442.png,
443.png,
444.png,
445.png,
446.png,
447.png,
448.png,
449.png,
450.png,
451.png,
452.png,
453.png,
454.png,
455.png,
456.png,
457.png,
458.png,
459.png,
460.png,
461.png,
462.png,
463.png,
464.png,
465.png,
466.png,
467.png,
468.png,
469.png,
470.png,
471.png,
472.png,
473.png,
474.png,
475.png,
476.png,
477.png,
478.png,
479.png,
480.png,
481.png,
482.png,
483.png,
484.png,
485.png,
486.png,
487.png,
488.png,
489.png,
490.png,
491.png,
492.png,
493.png,
494.png,
495.png,
496.png,
497.png,
498.png,
499.png,
500.png,
501.png,
502.png,
503.png,
504.png,
505.png,
506.png,
507.png,
508.png,
509.png,
510.png,
511.png,
512.png,
513.png,
514.png,
515.png,
516.png,
517.png,
518.png,
519.png,
520.png,
521.png,
522.png,
523.png,
524.png,
525.png,
526.png,
527.png,
528.png,
529.png,
530.png,
531.png,
532.png,
533.png,
534.png,
535.png,
536.png,
537.png,
538.png,
539.png,
540.png,
541.png,
542.png,
543.png,
544.png,
545.png,
546.png,
547.png,
548.png,
549.png,
550.png,
551.png,
552.png,
553.png,
554.png,
555.png,
556.png,
557.png,
558.png,
559.png,
560.png,
561.png,
562.png,
563.png,
564.png,
565.png,
566.png,
567.png,
568.png,
569.png,
570.png,
571.png,
572.png,
573.png,
574.png,
575.png,
576.png,
577.png,
578.png,
579.png,
580.png,
581.png,
582.png,
583.png,
584.png,
585.png,
586.png,
587.png,
588.png,
589.png,
590.png,
591.png,
592.png,
593.png,
594.png,
595.png,
596.png,
597.png,
598.png,
599.png,
600.png,
601.png,
602.png,
603.png,
604.png,
605.png,
606.png,
607.png,
608.png,
609.png,
610.png,
611.png,
612.png,
613.png,
614.png,
615.png,
616.png,
617.png,
618.png,
619.png,
620.png,
621.png,
622.png,
623.png,
624.png,
625.png,
626.png,
627.png,
628.png,
629.png,
630.png,
631.png,
632.png,
633.png,
634.png,
635.png,
636.png,
637.png,
638.png,
639.png,
640.png,
641.png,
642.png,
643.png,
644.png,
645.png,
646.png,
647.png,
648.png,
649.png,
650.png,
651.png,
652.png,
653.png,
654.png,
655.png,
656.png,
657.png,
658.png,
659.png,
660.png,
661.png,
662.png,
663.png,
664.png,
665.png,
666.png,
667.png,
668.png,
669.png,
670.png,
671.png,
672.png,
673.png,
674.png,
675.png,
676.png,
677.png,
678.png,
679.png,
680.png,
681.png,
682.png,
683.png,
684.png,
685.png,
686.png,
687.png,
688.png,
689.png,
690.png,
691.png,
692.png,
693.png,
694.png,
695.png,
696.png,
697.png,
698.png,
699.png,
700.png,
701.png,
702.png,
703.png,
704.png,
705.png,
706.png,
707.png,
708.png,
709.png,
710.png,
711.png,
712.png,
713.png,
714.png,
715.png,
716.png,
717.png,
718.png,
719.png,
720.png,
721.png,
722.png,
723.png,
724.png,
725.png,
726.png,
727.png,
728.png,
729.png,
730.png,
731.png,
732.png,
733.png,
734.png,
735.png,
736.png,
737.png,
738.png,
739.png,
740.png,
741.png,
742.png,
743.png,
744.png,
745.png,
746.png,
747.png,
748.png,
749.png,
750.png,
751.png,
752.png,
753.png,
754.png,
755.png,
756.png,
757.png,
758.png,
759.png,
760.png,
761.png,
762.png,
763.png,
764.png,
765.png,
766.png,
767.png,
768.png,
769.png,
770.png,
771.png,
772.png,
773.png,
774.png,
775.png,
776.png,
777.png,
778.png,
779.png,
780.png,
781.png,
782.png,
783.png,
784.png,
785.png,
786.png,
787.png,
788.png,
789.png,
790.png,
791.png,
792.png,
793.png,
794.png,
795.png,
796.png,
797.png,
798.png,
799.png,
800.png,
801.png,
802.png,
803.png,
804.png,
805.png,
806.png,
807.png,
808.png,
809.png,
810.png,
811.png,
812.png,
813.png,
814.png,
815.png,
816.png,
817.png,
818.png,
819.png,
